{
    "loss": 9.784063339233398,
    "accuracy": 0.5467625856399536
}