{
    "loss": 23.934703826904297,
    "accuracy": 0.5467625856399536
}